entry_ts,exit_ts,side,entry_price,exit_price,target_price,stop_price,exit_reason,pnl_R,pnl_pct_equity,equity_after,bars_held,symbol
2026-05-23 08:50:00+00:00,2026-05-23 08:52:00+00:00,SHORT,82.06,82.0,79.5982,83.04472,TIME,-0.072381,-1.4476,6.898667,2.0,SOLUSDT
2026-05-23 22:14:00+00:00,2026-05-23 22:16:00+00:00,LONG,86.21,86.2,88.7963,85.17548,TIME,-0.142979,-2.8596,6.701394,2.0,SOLUSDT
2026-05-20 22:25:00+00:00,2026-05-20 22:26:00+00:00,SHORT,0.10325,0.10368933,0.10368933,0.104489,TP,-0.488144,-9.7629,6.316598,1.0,DOGEUSDT
2026-05-20 23:10:00+00:00,2026-05-20 23:12:00+00:00,LONG,0.10326,0.10329,0.10441441,0.10202088,TIME,-0.109122,-2.1824,6.178742,2.0,DOGEUSDT
2026-05-21 04:26:00+00:00,2026-05-21 04:28:00+00:00,LONG,0.10541,0.10537,0.1085723,0.10414508,TIME,-0.164922,-3.2984,5.97494,2.0,DOGEUSDT
2026-05-21 11:13:00+00:00,2026-05-21 11:15:00+00:00,SHORT,0.10449,0.10454,0.10238856,0.10574388,TIME,-0.173248,-3.465,5.76791,2.0,DOGEUSDT
2026-05-30 04:44:00+00:00,2026-05-30 04:46:00+00:00,SHORT,0.10049,0.10054,0.0974753,0.10169588,TIME,-0.174837,-3.4967,5.566221,2.0,DOGEUSDT
2026-05-20 19:19:00+00:00,2026-05-20 19:21:00+00:00,SHORT,0.25,0.2499,0.24923814,0.253,TIME,-0.099995,-1.9999,6.860007,2.0,ADAUSDT
2026-05-20 22:25:00+00:00,2026-05-20 22:27:00+00:00,SHORT,0.249,0.2492,0.24728736,0.251988,TIME,-0.200323,-4.0065,6.585164,2.0,ADAUSDT
2026-05-21 23:47:00+00:00,2026-05-21 23:48:00+00:00,LONG,0.2501,0.25021976,0.25021976,0.2470988,TP,-0.093439,-1.8688,6.462101,1.0,ADAUSDT
2026-05-25 15:58:00+00:00,2026-05-25 16:00:00+00:00,SHORT,0.246,0.246,0.24326049,0.248952,TIME,-0.133348,-2.667,6.289759,2.0,ADAUSDT
2026-05-26 00:50:00+00:00,2026-05-26 00:51:00+00:00,LONG,0.2416,0.24032542,0.24032542,0.2387008,TP,-0.572685,-11.4537,5.569348,1.0,ADAUSDT
2026-05-27 17:42:00+00:00,2026-05-27 17:44:00+00:00,LONG,0.2386,0.2387,0.23962477,0.2357368,TIME,-0.098413,-1.9683,5.459729,2.0,ADAUSDT
2026-05-27 19:49:00+00:00,2026-05-27 19:51:00+00:00,LONG,0.2402,0.2405,0.247406,0.2373176,TIME,-0.029301,-0.586,5.427734,2.0,ADAUSDT
2026-05-21 08:45:00+00:00,2026-05-21 08:46:00+00:00,LONG,9.694,9.68710283,9.68710283,9.577672,TP,-0.192574,-3.8515,6.730397,1.0,LINKUSDT
2026-05-21 09:01:00+00:00,2026-05-21 09:03:00+00:00,LONG,9.665,9.667,9.95495,9.54902,TIME,-0.116084,-2.3217,6.574138,2.0,LINKUSDT
2026-05-20 16:43:00+00:00,2026-05-20 16:45:00+00:00,SHORT,0.09098,0.09096,0.09063049,0.09207176,TIME,-0.115018,-2.3004,6.838974,2.0,POLUSDT
2026-05-22 05:40:00+00:00,2026-05-22 05:41:00+00:00,LONG,0.09228,0.09217683,0.09217683,0.09117264,TP,-0.226427,-4.5285,6.529268,1.0,POLUSDT
2026-05-24 14:44:00+00:00,2026-05-24 14:45:00+00:00,SHORT,0.09041,0.09118601,0.09118601,0.09149492,TP,-0.849045,-16.9809,5.42054,1.0,POLUSDT
2026-05-25 07:22:00+00:00,2026-05-25 07:23:00+00:00,LONG,0.09187,0.08967944,0.08967944,0.09076756,TP,-2.119134,-42.3827,3.12317,1.0,POLUSDT
2026-05-26 00:58:00+00:00,2026-05-26 01:00:00+00:00,SHORT,0.0921,0.09198,0.08997356,0.0932052,TIME,-0.024706,-0.4941,3.107738,2.0,POLUSDT
2026-05-28 20:03:00+00:00,2026-05-28 20:05:00+00:00,LONG,0.08733,0.08721,0.08902615,0.08628204,TIME,-0.247758,-4.9552,2.953745,2.0,POLUSDT
2026-05-29 15:11:00+00:00,2026-05-29 15:12:00+00:00,SHORT,0.0882,0.08977891,0.08977891,0.0892584,TP,-1.626031,-32.5206,1.993169,1.0,POLUSDT
2026-05-30 02:06:00+00:00,2026-05-30 02:08:00+00:00,SHORT,0.09149,0.09155,0.091109,0.09258788,TIME,-0.188032,-3.7606,1.918213,2.0,POLUSDT
2026-05-30 12:05:00+00:00,2026-05-30 12:07:00+00:00,SHORT,0.09088,0.09067,0.0881536,0.09197056,TIME,0.059329,1.1866,1.940974,2.0,POLUSDT
2026-05-30 12:10:00+00:00,2026-05-30 12:11:00+00:00,LONG,0.09064,0.09019693,0.09019693,0.08955232,TP,-0.540431,-10.8086,1.731181,1.0,POLUSDT
2026-05-30 23:20:00+00:00,2026-05-30 23:22:00+00:00,LONG,0.08964,0.08974,0.0923292,0.08856432,TIME,-0.04041,-0.8082,1.71719,2.0,POLUSDT
2026-05-20 22:36:00+00:00,2026-05-20 22:37:00+00:00,LONG,0.1103,0.10750089,0.10750089,0.1089764,TP,-2.246818,-44.9364,3.854455,1.0,ARBUSDT
2026-05-24 22:13:00+00:00,2026-05-24 22:15:00+00:00,SHORT,0.1056,0.1054,0.102432,0.1068672,TIME,0.024575,0.4915,3.8734,2.0,ARBUSDT
2026-05-29 16:24:00+00:00,2026-05-29 16:25:00+00:00,LONG,0.104,0.10383722,0.10383722,0.102752,TP,-0.263674,-5.2735,3.669137,1.0,ARBUSDT
2026-05-29 19:12:00+00:00,2026-05-29 19:14:00+00:00,LONG,0.1034,0.103,0.106502,0.1021592,TIME,-0.455498,-9.11,3.33488,2.0,ARBUSDT
2026-05-25 21:18:00+00:00,2026-05-25 21:19:00+00:00,LONG,0.9737,0.96052142,0.96052142,0.9620156,TP,-1.26052,-25.2104,5.235272,1.0,APTUSDT
2026-05-29 19:29:00+00:00,2026-05-29 19:31:00+00:00,SHORT,0.9271,0.929,0.899287,0.9382252,TIME,-0.304234,-6.0847,4.916722,2.0,APTUSDT
2026-05-31 02:32:00+00:00,2026-05-31 02:34:00+00:00,LONG,0.9422,0.9399,0.944064,0.9308936,TIME,-0.336621,-6.7324,4.585707,2.0,APTUSDT
2026-05-19 08:05:00+00:00,2026-05-19 08:07:00+00:00,LONG,1.0799,1.0789,1.112297,1.0669412,TIME,-0.21044,-4.2088,6.705384,2.0,SUIUSDT
2026-05-20 16:43:00+00:00,2026-05-20 16:45:00+00:00,SHORT,1.0742,1.0748,1.041974,1.0870904,TIME,-0.179923,-3.5985,6.464094,2.0,SUIUSDT
2026-05-19 02:24:00+00:00,2026-05-19 02:26:00+00:00,SHORT,5.209,5.205,5.00627201,5.271508,TIME,-0.069318,-1.3864,6.902955,2.0,INJUSDT
2026-05-20 22:24:00+00:00,2026-05-20 22:26:00+00:00,SHORT,4.832,4.845,4.68704,4.889984,TIME,-0.357683,-7.1537,6.409141,2.0,INJUSDT
2026-05-20 16:05:00+00:00,2026-05-20 16:07:00+00:00,SHORT,0.3623,0.3624,0.35214768,0.3666476,TIME,-0.156363,-3.1273,6.781091,2.0,LDOUSDT
2026-05-20 22:39:00+00:00,2026-05-20 22:40:00+00:00,LONG,0.3571,0.3518122,0.3518122,0.3528148,TP,-1.366547,-27.3309,4.927756,1.0,LDOUSDT
2026-05-26 00:58:00+00:00,2026-05-26 01:00:00+00:00,SHORT,0.3435,0.3428,0.33112971,0.347622,TIME,0.036574,0.7315,4.963801,2.0,LDOUSDT
2026-05-26 16:08:00+00:00,2026-05-26 16:09:00+00:00,LONG,0.3456,0.33919959,0.33919959,0.3414528,TP,-1.675702,-33.514,3.300231,1.0,LDOUSDT
2026-05-27 22:47:00+00:00,2026-05-27 22:49:00+00:00,LONG,0.3319,0.3316,0.341857,0.3279172,TIME,-0.208597,-4.1719,3.162547,2.0,LDOUSDT
2026-05-30 04:44:00+00:00,2026-05-30 04:46:00+00:00,SHORT,0.3201,0.3204,0.31910109,0.3239412,TIME,-0.211496,-4.2299,3.028774,2.0,LDOUSDT
2026-05-31 17:20:00+00:00,2026-05-31 17:22:00+00:00,SHORT,0.3189,0.319,0.309333,0.3227268,TIME,-0.159496,-3.1899,2.932159,2.0,LDOUSDT
2026-05-20 22:49:00+00:00,2026-05-20 22:51:00+00:00,SHORT,0.194,0.1936,0.18818,0.196328,TIME,0.038576,0.7715,7.054007,2.0,WIFUSDT
2026-05-22 14:51:00+00:00,2026-05-22 14:52:00+00:00,LONG,0.2003,0.19863406,0.19863406,0.1978964,TP,-0.826006,-16.5201,5.888677,1.0,WIFUSDT
2026-05-25 17:45:00+00:00,2026-05-25 17:47:00+00:00,LONG,0.1964,0.1966,0.202292,0.1940432,TIME,-0.048508,-0.9702,5.831547,2.0,WIFUSDT
2026-05-19 14:34:00+00:00,2026-05-19 14:36:00+00:00,LONG,0.1894,0.1896,0.195082,0.1871272,TIME,-0.045374,-0.9075,6.936476,2.0,FETUSDT
2026-05-20 16:46:00+00:00,2026-05-20 16:47:00+00:00,SHORT,0.1926,0.19303433,0.19303433,0.1949112,TP,-0.321386,-6.4277,6.490619,1.0,FETUSDT
2026-05-21 06:15:00+00:00,2026-05-21 06:17:00+00:00,SHORT,0.1939,0.1935,0.188083,0.1962268,TIME,0.038665,0.7733,6.54081,2.0,FETUSDT
2026-05-18 06:30:00+00:00,2026-05-18 06:32:00+00:00,LONG,1.761,1.765,1.79764744,1.739868,TIME,0.055855,1.1171,7.078196,2.0,RENDERUSDT
2026-05-19 18:58:00+00:00,2026-05-19 19:00:00+00:00,LONG,1.829,1.832,1.92856565,1.807052,TIME,0.003286,0.0657,7.082849,2.0,RENDERUSDT
2026-05-21 11:15:00+00:00,2026-05-21 11:16:00+00:00,SHORT,1.906,1.91192045,1.91192045,1.928872,TP,-0.392355,-7.8471,6.52705,1.0,RENDERUSDT
2026-05-23 22:45:00+00:00,2026-05-23 22:47:00+00:00,SHORT,1.925,1.928,1.9208834,1.9481,TIME,-0.263296,-5.2659,6.18334,2.0,RENDERUSDT
2026-05-29 02:53:00+00:00,2026-05-29 02:55:00+00:00,LONG,2.021,2.007,2.08163,1.996748,TIME,-0.710244,-14.2049,5.305004,2.0,RENDERUSDT
2026-05-30 22:58:00+00:00,2026-05-30 23:00:00+00:00,SHORT,2.085,2.084,2.02245,2.11002,TIME,-0.093356,-1.8671,5.205953,2.0,RENDERUSDT
2026-05-20 17:40:00+00:00,2026-05-20 17:41:00+00:00,LONG,0.0614,0.06139899,0.06139899,0.0606632,TP,-0.134687,-2.6937,6.811439,1.0,SEIUSDT
2026-05-20 17:55:00+00:00,2026-05-20 17:57:00+00:00,LONG,0.06125,0.06125,0.0630875,0.060515,TIME,-0.133318,-2.6664,6.629821,2.0,SEIUSDT
2026-05-21 11:19:00+00:00,2026-05-21 11:21:00+00:00,SHORT,0.06141,0.0615,0.06117474,0.06214692,TIME,-0.255552,-5.111,6.290969,2.0,SEIUSDT
2026-05-26 01:55:00+00:00,2026-05-26 01:56:00+00:00,SHORT,0.06106,0.06521685,0.06521685,0.06179272,TP,-5.80993,-116.1986,-1.019049,1.0,SEIUSDT
2026-05-27 13:23:00+00:00,2026-05-27 13:25:00+00:00,SHORT,0.06975,0.06947,0.0676575,0.070587,TIME,0.201381,4.0276,-1.060092,2.0,SEIUSDT
2026-05-20 18:40:00+00:00,2026-05-20 18:42:00+00:00,LONG,2.0,1.999,2.0288471,1.976,TIME,-0.17496,-3.4992,6.755056,2.0,ATOMUSDT
2026-05-20 22:33:00+00:00,2026-05-20 22:35:00+00:00,SHORT,1.988,1.986,1.92836,2.011856,TIME,-0.049462,-0.9892,6.688233,2.0,ATOMUSDT
2026-05-21 10:05:00+00:00,2026-05-21 10:06:00+00:00,LONG,2.053,2.04939651,2.04939651,2.028364,TP,-0.2795,-5.59,6.31436,1.0,ATOMUSDT
2026-05-22 00:15:00+00:00,2026-05-22 00:17:00+00:00,LONG,2.038,2.04,2.09914,2.013544,TIME,-0.051588,-1.0318,6.249212,2.0,ATOMUSDT
2026-05-20 22:48:00+00:00,2026-05-20 22:49:00+00:00,SHORT,1.247,1.2670262,1.2670262,1.261964,TP,-1.472443,-29.4489,4.938579,1.0,DOTUSDT
2026-05-20 23:10:00+00:00,2026-05-20 23:12:00+00:00,LONG,1.244,1.244,1.24462166,1.229072,TIME,-0.133318,-2.6664,4.806899,2.0,DOTUSDT
2026-05-22 18:56:00+00:00,2026-05-22 18:58:00+00:00,SHORT,1.294,1.292,1.25518,1.309528,TIME,-0.004471,-0.0894,4.8026,2.0,DOTUSDT
2026-05-31 02:36:00+00:00,2026-05-31 02:38:00+00:00,LONG,1.189,1.189,1.19041902,1.174732,TIME,-0.133318,-2.6664,4.674545,2.0,DOTUSDT
2026-05-31 06:02:00+00:00,2026-05-31 06:04:00+00:00,LONG,1.19,1.19,1.2257,1.17572,TIME,-0.133318,-2.6664,4.549904,2.0,DOTUSDT
2026-05-19 15:02:00+00:00,2026-05-19 15:03:00+00:00,SHORT,0.943,0.95317537,0.95317537,0.954316,TP,-1.03309,-20.6618,5.553674,1.0,FILUSDT
2026-05-20 16:40:00+00:00,2026-05-20 16:42:00+00:00,SHORT,0.966,0.967,0.96419673,0.977592,TIME,-0.219667,-4.3933,5.309683,2.0,FILUSDT
2026-05-20 22:25:00+00:00,2026-05-20 22:26:00+00:00,SHORT,0.965,0.9700345,0.9700345,0.97658,TP,-0.568367,-11.3673,4.706113,1.0,FILUSDT
2026-05-21 11:15:00+00:00,2026-05-21 11:16:00+00:00,SHORT,0.979,0.99516183,0.99516183,0.990748,TP,-1.509883,-30.1977,3.284977,1.0,FILUSDT
2026-05-22 10:24:00+00:00,2026-05-22 10:25:00+00:00,SHORT,1.015,1.0153658,1.0153658,1.02718,TP,-0.163399,-3.268,3.177625,1.0,FILUSDT
2026-05-22 15:05:00+00:00,2026-05-22 15:07:00+00:00,SHORT,1.021,1.017,0.99532814,1.033252,TIME,0.193325,3.8665,3.300487,2.0,FILUSDT
2026-05-26 15:22:00+00:00,2026-05-26 15:23:00+00:00,LONG,1.024,0.99977339,0.99977339,1.011712,TP,-2.103702,-42.074,1.911839,1.0,FILUSDT
2026-05-31 00:20:00+00:00,2026-05-31 00:22:00+00:00,SHORT,0.972,0.974,0.94284,0.983664,TIME,-0.304919,-6.0984,1.795248,2.0,FILUSDT
2026-05-31 05:45:00+00:00,2026-05-31 05:46:00+00:00,LONG,0.971,0.97126886,0.97126886,0.959348,TP,-0.110258,-2.2052,1.75566,1.0,FILUSDT
2026-05-26 16:24:00+00:00,2026-05-26 16:26:00+00:00,SHORT,348.72,348.81,345.95633465,352.90464,TIME,-0.154868,-3.0974,6.783184,2.0,BCHUSDT
2026-05-26 17:44:00+00:00,2026-05-26 17:46:00+00:00,SHORT,344.39,344.47,334.0583,348.52268,TIME,-0.152718,-3.0544,6.576001,2.0,BCHUSDT
2026-05-19 14:25:00+00:00,2026-05-19 14:26:00+00:00,LONG,53.8,53.83424402,53.83424402,53.1544,TP,-0.080308,-1.6062,6.887569,1.0,LTCUSDT
2026-05-20 01:28:00+00:00,2026-05-20 01:29:00+00:00,LONG,53.61,53.12199884,53.12199884,52.96668,TP,-0.89143,-17.8286,5.659612,1.0,LTCUSDT
2026-05-21 11:30:00+00:00,2026-05-21 11:32:00+00:00,SHORT,53.55,53.46,53.03245435,54.1926,TIME,0.006792,0.1358,5.667299,2.0,LTCUSDT
2026-05-25 23:07:00+00:00,2026-05-25 23:09:00+00:00,SHORT,52.59,52.57,52.27438321,53.22108,TIME,-0.101638,-2.0328,5.552097,2.0,LTCUSDT
2026-05-27 22:21:00+00:00,2026-05-27 22:22:00+00:00,SHORT,52.08,52.33772331,52.33772331,52.70496,TP,-0.54598,-10.9196,4.945831,1.0,LTCUSDT
2026-05-31 02:32:00+00:00,2026-05-31 02:34:00+00:00,LONG,52.56,52.49,52.62796796,51.92928,TIME,-0.244236,-4.8847,4.704241,2.0,LTCUSDT
2026-05-31 03:37:00+00:00,2026-05-31 03:39:00+00:00,LONG,52.67,52.65,52.67312032,52.03796,TIME,-0.164943,-3.2989,4.549055,2.0,LTCUSDT
2026-05-31 04:20:00+00:00,2026-05-31 04:22:00+00:00,SHORT,52.68,52.68,52.48908168,53.31216,TIME,-0.133348,-2.667,4.427733,2.0,LTCUSDT
2026-05-31 08:01:00+00:00,2026-05-31 08:03:00+00:00,SHORT,52.35,52.36,50.7795,52.9782,TIME,-0.149276,-2.9855,4.295542,2.0,LTCUSDT
