inst_id,state,settle_ccy,quote_ccy,list_time_iso,list_time_ms,ct_val,min_sz,lot_sz,tick_sz,lever_max,last_price,vol_24h_usdt,best_bid,best_ask,spread_bps,notional_min_per_lot,notional_max_at_lever,loss_per_lot_at_stop_5pct,acceptable_loss_usd,max_lots_at_risk_cap,can_open_at_lever_cap,can_open_with_risk_cap,can_open_position,can_place_hard_stop,can_post_only_fill,tickSz_pct_of_price
BTC-USDT-SWAP,live,USDT,USDT,2019-11-12T11:16:48+00:00,1573557408000,0.01,0.01,0.01,0.1,100.0,59867.4,10862333985.66,59878.8,59878.9,0.016700387532249665,5.98674,700.0,0.299337,2.1,7,True,True,True,True,True,1.6703581581962806e-06
XAU-USDT-SWAP,live,USDT,USDT,2025-04-09T10:00:00.563000+00:00,1744192800563,0.001,1.0,1.0,0.1,100.0,4032.4,298888766.48,4032.3,4032.4,0.2479943457286918,4.0324,700.0,0.20162000000000002,2.1,10,True,True,True,True,True,2.479912707072711e-05
ETH-USDT-SWAP,live,USDT,USDT,2019-11-12T11:16:48+00:00,1573557408000,0.1,0.01,0.01,0.01,100.0,1571.1,10308401348.79,1571.47,1571.48,0.06363448352656521,1.5711,700.0,0.078555,2.1,26,True,True,True,True,True,6.364967220418816e-06
ZEC-USDT-SWAP,live,USDT,USDT,2025-11-06T03:15:00.578000+00:00,1762398900578,0.01,1.0,1.0,0.01,50.0,412.16,248881245.67,412.47,412.48,0.2424389356928518,4.1216,350.0,0.20608,2.1,10,True,True,True,True,True,2.4262422360248446e-05
XAG-USDT-SWAP,live,USDT,USDT,2026-01-28T12:00:00+00:00,1769601600000,0.01,1.0,1.0,0.01,50.0,57.79,137759296.92,57.78,57.79,1.7305529116549299,0.5779,350.0,0.028895,2.1,72,True,True,True,True,True,0.00017304031839418586
BNB-USDT-SWAP,live,USDT,USDT,2022-12-23T06:53:48.049000+00:00,1671778428049,0.01,1.0,1.0,0.1,50.0,559.6,74607332.56,559.6,559.7,1.786831055124144,5.596,350.0,0.2798,2.1,7,True,True,True,True,True,0.00017869907076483203
YFI-USDT-SWAP,live,USDT,USDT,2020-09-02T10:12:51+00:00,1599041571000,0.0001,1.0,1.0,1.0,20.0,1640.0,432152.63,1639.0,1640.0,6.099420555047271,0.164,140.0,0.0082,2.1,256,True,True,True,True,False,0.0006097560975609756
HYPE-USDT-SWAP,live,USDT,USDT,2025-02-21T07:00:00.506000+00:00,1740121200506,0.1,1.0,1.0,0.001,50.0,63.913,422479125.08,63.857,63.858,0.15659867674081657,6.3913,350.0,0.31956500000000004,2.1,6,True,True,True,True,True,1.564626914712187e-05
TAO-USDT-SWAP,live,USDT,USDT,2024-09-20T05:00:00.182000+00:00,1726808400182,0.01,1.0,1.0,0.1,50.0,212.0,22679982.6,212.0,212.1,4.715868898844344,2.12,350.0,0.10600000000000001,2.1,19,True,True,True,True,True,0.0004716981132075472
XPT-USDT-SWAP,live,USDT,USDT,2026-02-02T06:30:00+00:00,1770013800000,0.001,1.0,1.0,0.1,50.0,1600.2,1883388.99,1599.7,1599.8,0.6250976715106051,1.6002,350.0,0.08001000000000001,2.1,26,True,True,True,True,True,6.249218847644045e-05
OKB-USDT-SWAP,live,USDT,USDT,2025-09-04T02:00:00.395000+00:00,1756951200395,0.01,1.0,1.0,0.01,20.0,75.25,16746984.57,75.26,75.27,1.3286388095384183,0.7525000000000001,140.0,0.037625000000000006,2.1,55,True,True,True,True,True,0.000132890365448505
BZ-USDT-SWAP,live,USDT,USDT,2026-03-24T10:00:00+00:00,1774346400000,0.01,1.0,1.0,0.01,50.0,75.26,11791757.12,75.25,75.26,1.3288153611062543,0.7526,350.0,0.037630000000000004,2.1,55,True,True,True,True,True,0.00013287270794578793
AAVE-USDT-SWAP,live,USDT,USDT,2020-12-10T06:00:00+00:00,1607580000000,0.1,0.1,0.1,0.01,50.0,81.19,112399260.63,81.23,81.24,1.2309964916588791,0.8119000000000002,350.0,0.04059500000000001,2.1,51,True,True,True,True,True,0.0001231678778174652
ICP-USDT-SWAP,live,USDT,USDT,2021-05-14T09:00:00+00:00,1620982800000,0.01,1.0,1.0,0.001,50.0,2.155,11195868.46,2.156,2.157,4.63714351959142,0.02155,350.0,0.0010775000000000001,2.1,1948,True,True,True,True,True,0.00046403712296983764
SOL-USDT-SWAP,live,USDT,USDT,2021-01-22T07:00:00+00:00,1611298800000,1.0,0.01,0.01,0.01,100.0,66.95,1077323125.82,66.95,66.96,1.49354043760599,0.6695000000000001,700.0,0.033475000000000005,2.1,62,True,True,True,True,True,0.0001493651979088872
XPD-USDT-SWAP,live,USDT,USDT,2026-02-02T06:00:00+00:00,1770012000000,0.001,1.0,1.0,0.1,50.0,1188.9,942901.13,1188.9,1189.4,4.204684017996048,1.1889,350.0,0.059445000000000005,2.1,35,True,True,True,True,True,8.411136344520145e-05
MU-USDT-SWAP,live,USDT,USDT,2026-03-04T07:15:00+00:00,1772608500000,1.0,0.01,0.01,0.01,50.0,1177.83,909931070.66,1179.27,1179.28,0.08479786309377291,11.7783,350.0,0.588915,2.1,3,True,True,True,True,True,8.490189585933454e-06
DASH-USDT-SWAP,live,USDT,USDT,2025-11-06T03:00:00.994000+00:00,1762398000994,0.01,1.0,1.0,0.01,50.0,33.85,6510570.55,33.84,33.85,2.954646181119223,0.3385,350.0,0.016925000000000003,2.1,124,True,True,True,True,True,0.0002954209748892171
FIL-USDT-SWAP,live,USDT,USDT,2019-08-10T10:12:51+00:00,1565431971000,0.1,1.0,1.0,0.0001,50.0,0.7325,63946952.82,0.7326,0.7327,1.3649082099227323,0.07325000000000001,350.0,0.003662500000000001,2.1,573,True,True,True,True,True,0.00013651877133105802
CL-USDT-SWAP,live,USDT,USDT,2026-03-04T12:15:00+00:00,1772626500000,0.1,1.0,1.0,0.01,50.0,71.69,60561417.92,71.65,71.66,1.3955760240026382,7.1690000000000005,350.0,0.35845000000000005,2.1,5,True,True,True,True,True,0.00013948946854512484
TRUMP-USDT-SWAP,live,USDT,USDT,2025-01-19T05:30:04.112000+00:00,1737264604112,0.1,1.0,1.0,0.001,50.0,1.637,48544248.05,1.638,1.639,6.103143118706817,0.1637,350.0,0.008185000000000001,2.1,256,True,True,True,True,False,0.0006108735491753207
SNDK-USDT-SWAP,live,USDT,USDT,2026-03-04T07:30:00+00:00,1772609400000,1.0,0.001,0.001,0.01,50.0,2287.22,447061638.26,2286.52,2286.77,1.0933048199436293,2.28722,350.0,0.114361,2.1,18,True,True,True,True,True,4.372119866038248e-06
SPCX-USDT-SWAP,live,USDT,USDT,2026-05-07T09:00:00+00:00,1778144400000,1.0,0.01,0.01,0.01,75.0,152.61,437865871.12,152.58,152.59,0.6553724153744408,1.5261000000000002,525.0,0.07630500000000001,2.1,27,True,True,True,True,True,6.55265054714632e-05
BCH-USDT-SWAP,live,USDT,USDT,2019-11-12T11:16:48+00:00,1573557408000,0.1,0.1,0.1,0.1,50.0,190.1,36629064.91,190.2,190.3,5.256241787123403,1.9010000000000002,350.0,0.09505000000000002,2.1,22,True,True,True,True,False,0.0005260389268805893
SOXL-USDT-SWAP,live,USDT,USDT,2026-05-19T09:00:00+00:00,1779181200000,1.0,0.01,0.01,0.01,25.0,245.83,257968382.33,245.92,245.93,0.40662803700393724,2.4583000000000004,175.0,0.12291500000000002,2.1,17,True,True,True,True,True,4.067851767481593e-05
GIGGLE-USDT-SWAP,live,USDT,USDT,2025-10-25T07:00:01.708000+00:00,1761375601708,0.01,1.0,1.0,0.01,50.0,24.51,2434512.12,24.54,24.55,4.074149521288068,0.2451,350.0,0.012255000000000002,2.1,171,True,True,True,True,True,0.0004079967360261118
WLD-USDT-SWAP,live,USDT,USDT,2023-07-24T11:55:21.595000+00:00,1690199721595,1.0,1.0,1.0,0.0001,50.0,0.494,174688783.39,0.4951,0.4952,2.0195900232250628,0.494,350.0,0.0247,2.1,85,True,True,True,True,True,0.00020242914979757087
SKHYNIX-USDT-SWAP,live,USDT,USDT,2026-06-10T05:50:00+00:00,1781070600000,1.0,0.001,0.001,0.01,25.0,1871.44,155544327.63,1872.48,1872.49,0.05340496719595032,1.87144,175.0,0.093572,2.1,22,True,True,True,True,True,5.343478818449964e-06
ORDI-USDT-SWAP,live,USDT,USDT,2023-05-21T09:55:00.862000+00:00,1684662900862,0.1,1.0,1.0,0.001,20.0,3.075,13081953.44,3.079,3.08,3.247280402662412,0.30750000000000005,140.0,0.015375000000000003,2.1,136,True,True,True,True,True,0.0003252032520325203
INJ-USDT-SWAP,live,USDT,USDT,2023-11-30T11:55:00.667000+00:00,1701345300667,0.1,1.0,1.0,0.001,50.0,4.266,12631853.38,4.265,4.266,2.3443910444269935,0.42660000000000003,350.0,0.021330000000000002,2.1,98,True,True,True,True,True,0.00023441162681669012
AXS-USDT-SWAP,live,USDT,USDT,2021-07-28T09:00:00+00:00,1627462800000,0.1,1.0,1.0,0.0001,20.0,1.014,10284663.83,1.0142,1.0143,0.9859502095143109,0.1014,140.0,0.005070000000000001,2.1,414,True,True,True,True,True,9.861932938856015e-05
IP-USDT-SWAP,live,USDT,USDT,2025-02-13T10:00:01.995000+00:00,1739440801995,1.0,1.0,1.0,0.0001,20.0,0.3851,88914129.67,0.3846,0.3847,2.5997660210578184,0.3851,140.0,0.019255,2.1,109,True,True,True,True,True,0.00025967281225655674
SUI-USDT-SWAP,live,USDT,USDT,2023-05-05T03:55:00.891000+00:00,1683258900891,1.0,1.0,1.0,0.0001,50.0,0.6788,75698502.57,0.6792,0.6793,1.4722119985276256,0.6788,350.0,0.03394,2.1,61,True,True,True,True,True,0.00014731879787860933
INTC-USDT-SWAP,live,USDT,USDT,2026-02-26T07:00:00+00:00,1772089200000,1.0,0.1,0.1,0.01,25.0,131.4,74745050.4,131.32,131.35,2.2842349716375026,13.14,175.0,0.657,2.1,3,True,True,True,True,True,7.6103500761035e-05
DRAM-USDT-SWAP,live,USDT,USDT,2026-05-08T09:00:00+00:00,1778230800000,1.0,0.1,0.1,0.01,20.0,75.8,62884149.96,75.86,75.87,1.3181308903980908,7.58,140.0,0.379,2.1,5,True,True,True,True,True,0.00013192612137203166
MRVL-USDT-SWAP,live,USDT,USDT,2026-05-12T10:30:00+00:00,1778581800000,1.0,0.01,0.01,0.01,50.0,276.83,60861025.67,277.11,277.12,0.3608610143799832,2.7683,350.0,0.138415,2.1,15,True,True,True,True,True,3.6123252537658496e-05
RIVER-USDT-SWAP,live,USDT,USDT,2026-01-09T07:00:00+00:00,1767942000000,0.1,1.0,1.0,0.001,20.0,3.885,5897156.88,3.881,3.882,2.576323586243292,0.3885,140.0,0.019425,2.1,108,True,True,True,True,True,0.00025740025740025744
APE-USDT-SWAP,live,USDT,USDT,2022-03-17T13:00:59.555000+00:00,1647522059555,0.1,1.0,1.0,1e-05,20.0,0.13947,5061718.32,0.13965,0.13966,0.7160502667294405,0.013947000000000001,140.0,0.0006973500000000001,2.1,3011,True,True,True,True,True,7.170000717000071e-05
UNI-USDT-SWAP,live,USDT,USDT,2020-09-17T04:30:00+00:00,1600317000000,1.0,1.0,1.0,0.001,50.0,2.871,42032993.21,2.874,2.875,3.4788658897195677,2.871,350.0,0.14355,2.1,14,True,True,True,True,True,0.00034831069313827936
CBRS-USDT-SWAP,live,USDT,USDT,2026-05-15T06:00:00+00:00,1778824800000,1.0,0.01,0.01,0.01,20.0,169.49,39487005.63,169.42,169.43,0.5902316659300177,1.6949,140.0,0.08474500000000001,2.1,24,True,True,True,True,True,5.900053100477904e-05
AVAX-USDT-SWAP,live,USDT,USDT,2020-09-23T06:00:00+00:00,1600840800000,1.0,0.1,0.1,0.001,50.0,6.209,39339134.32,6.207,6.208,1.6109544905361803,0.6209,350.0,0.031045000000000003,2.1,67,True,True,True,True,True,0.00016105653084232566
LINK-USDT-SWAP,live,USDT,USDT,2020-02-28T11:16:48+00:00,1582888608000,1.0,0.1,0.1,0.001,50.0,7.247,36801036.36,7.246,7.247,1.3799765403980484,0.7247,350.0,0.036235,2.1,57,True,True,True,True,True,0.00013798813302056025
SLX-USDT-SWAP,live,USDT,USDT,2026-06-01T05:30:00+00:00,1780291800000,10.0,1.0,1.0,0.0001,20.0,0.3911,366734074.99,0.391,0.3911,2.557217747090883,3.911,140.0,0.19555,2.1,10,True,True,True,True,True,0.00025568908207619537
COAI-USDT-SWAP,live,USDT,USDT,2025-10-15T14:30:01.123000+00:00,1760538601123,0.1,1.0,1.0,0.0001,10.0,0.2706,3417794.39,0.2707,0.2708,3.693444136657026,0.02706,70.0,0.001353,2.1,1552,True,True,True,True,True,0.0003695491500369549
BERA-USDT-SWAP,live,USDT,USDT,2025-02-06T14:00:01.850000+00:00,1738850401850,0.1,1.0,1.0,0.0001,20.0,0.1996,3390430.79,0.1997,0.1998,5.006257822278686,0.019960000000000002,140.0,0.0009980000000000002,2.1,2104,True,True,True,True,False,0.0005010020040080161
AR-USDT-SWAP,live,USDT,USDT,2023-02-14T06:55:00.186000+00:00,1676357700186,0.1,1.0,1.0,0.001,20.0,1.819,3296420.18,1.822,1.823,5.486968449930808,0.1819,140.0,0.009095,2.1,230,True,True,True,True,False,0.0005497526113249038
LTC-USDT-SWAP,live,USDT,USDT,2019-11-12T11:16:48+00:00,1573557408000,1.0,0.1,0.1,0.01,50.0,41.09,28054575.53,41.13,41.14,2.4310198128109906,4.109000000000001,350.0,0.20545000000000005,2.1,10,True,True,True,True,True,0.0002433682161109759
MSTR-USDT-SWAP,live,USDT,USDT,2026-02-25T10:00:00+00:00,1772013600000,1.0,0.01,0.01,0.01,20.0,85.77,27249556.13,85.88,85.89,1.1643476742161165,0.8577,140.0,0.042885000000000006,2.1,48,True,True,True,True,True,0.00011659088259298124
OP-USDT-SWAP,live,USDT,USDT,2022-06-01T03:55:17.137000+00:00,1654055717137,1.0,1.0,1.0,1e-05,50.0,0.10522,25512591.02,0.10527,0.10528,0.9498931370217167,0.10522,350.0,0.005261,2.1,399,True,True,True,True,True,9.503896597605019e-05
QQQ-USDT-SWAP,live,USDT,USDT,2026-03-04T08:45:00+00:00,1772613900000,1.0,0.01,0.01,0.01,20.0,714.65,24577185.12,714.62,714.63,0.13993353157237579,7.1465,140.0,0.357325,2.1,5,True,True,True,True,True,1.3992863639543833e-05
LAB-USDT-SWAP,live,USDT,USDT,2025-11-01T12:00:01.879000+00:00,1761998401879,10.0,0.1,0.1,0.001,10.0,17.23,234623460.04,17.261,17.262,0.5793239289755944,17.23,70.0,0.8615,2.1,2,True,True,True,True,True,5.803830528148578e-05
ENS-USDT-SWAP,live,USDT,USDT,2021-11-11T09:45:46.265000+00:00,1636623946265,0.1,1.0,1.0,0.001,20.0,4.164,2303389.05,4.17,4.171,2.3977940294936673,0.4164,140.0,0.02082,2.1,100,True,True,True,True,True,0.00024015369836695487
EGLD-USDT-SWAP,live,USDT,USDT,2020-12-22T07:00:00+00:00,1608620400000,0.1,1.0,1.0,0.001,20.0,2.503,2302679.9,2.504,2.505,3.9928129367134746,0.2503,140.0,0.012515000000000002,2.1,167,True,True,True,True,True,0.00039952057530962844
NVDA-USDT-SWAP,live,USDT,USDT,2026-03-04T07:00:00+00:00,1772607600000,1.0,0.01,0.01,0.01,25.0,195.48,22882726.55,195.41,195.42,0.5117314433380705,1.9547999999999999,175.0,0.09774,2.1,21,True,True,True,True,True,5.11561285041948e-05
LIT-USDT-SWAP,live,USDT,USDT,2025-12-24T03:30:00+00:00,1766547000000,1.0,1.0,1.0,0.0001,50.0,1.6237,22249661.77,1.6248,1.6249,0.6154414253622733,1.6237,350.0,0.08118500000000001,2.1,25,True,True,True,True,True,6.158773172384062e-05
KORU-USDT-SWAP,live,USDT,USDT,2026-06-24T09:15:00+00:00,1782292500000,1.0,0.01,0.01,0.01,20.0,812.48,22198862.93,811.14,811.62,5.9158470753533265,8.1248,140.0,0.40624000000000005,2.1,5,True,True,True,True,False,1.2307995273729814e-05
JTO-USDT-SWAP,live,USDT,USDT,2024-01-08T06:55:00.623000+00:00,1704696900623,1.0,1.0,1.0,0.0001,50.0,0.6976,21333269.32,0.6971,0.6972,1.4344115326685647,0.6976,350.0,0.03488,2.1,60,True,True,True,True,True,0.00014334862385321102
CRCL-USDT-SWAP,live,USDT,USDT,2026-02-26T08:00:00+00:00,1772092800000,1.0,0.1,0.1,0.01,20.0,69.45,20399881.86,69.51,69.52,1.4385384449386327,6.945,140.0,0.34725000000000006,2.1,6,True,True,True,True,True,0.00014398848092152627
TRB-USDT-SWAP,live,USDT,USDT,2020-09-08T10:12:51+00:00,1599559971000,0.1,1.0,1.0,0.01,20.0,12.9,2039234.58,12.93,12.94,7.7309625048316875,1.29,140.0,0.0645,2.1,32,True,True,True,True,False,0.0007751937984496124
DOT-USDT-SWAP,live,USDT,USDT,2020-08-25T10:12:51+00:00,1598350371000,1.0,1.0,1.0,0.0001,50.0,0.8468,19939858.72,0.8476,0.8477,1.1797322007902906,0.8468,350.0,0.04234,2.1,49,True,True,True,True,True,0.00011809163911195088
BEAT-USDT-SWAP,live,USDT,USDT,2025-11-12T16:15:00.610000+00:00,1762964100610,10.0,0.1,0.1,0.0001,10.0,2.0074,162225869.03,2.0111,2.0112,0.497227954156632,2.0074,70.0,0.10037000000000001,2.1,20,True,True,True,True,True,4.981568197668626e-05
EWY-USDT-SWAP,live,USDT,USDT,2026-03-11T10:00:00+00:00,1773223200000,1.0,0.01,0.01,0.01,20.0,203.83,16119465.47,203.89,203.9,0.49044851516806826,2.0383,140.0,0.101915,2.1,20,True,True,True,True,True,4.906049158612569e-05
TSLA-USDT-SWAP,live,USDT,USDT,2026-02-25T09:00:00+00:00,1772010000000,1.0,0.01,0.01,0.01,20.0,375.04,14725675.57,375.13,375.16,0.7996907862301127,3.7504000000000004,140.0,0.18752000000000002,2.1,11,True,True,True,True,True,2.666382252559727e-05
ASTER-USDT-SWAP,live,USDT,USDT,2025-09-22T05:00:00.313000+00:00,1758517200313,1.0,1.0,1.0,0.0001,50.0,0.6212,14344672.13,0.622,0.6221,1.607587814484189,0.6212,350.0,0.03106,2.1,67,True,True,True,True,True,0.00016097875080489378
SAMSUNG-USDT-SWAP,live,USDT,USDT,2026-06-10T05:45:00+00:00,1781070300000,1.0,0.01,0.01,0.01,20.0,224.18,13499211.67,224.3,224.31,0.44582153763807786,2.2418,140.0,0.11209000000000001,2.1,18,True,True,True,True,True,4.460701222232135e-05
LITE-USDT-SWAP,live,USDT,USDT,2026-05-08T09:15:00+00:00,1778231700000,1.0,0.01,0.01,0.01,20.0,852.52,11514706.31,851.87,852.23,4.225104160554118,8.5252,140.0,0.42626000000000003,2.1,4,True,True,True,True,True,1.1729930089616667e-05
ARM-USDT-SWAP,live,USDT,USDT,2026-04-29T06:15:00+00:00,1777443300000,1.0,0.01,0.01,0.01,20.0,345.23,11437269.67,345.4,345.57,4.920618840181655,3.4523,140.0,0.17261500000000002,2.1,12,True,True,True,True,True,2.8966196448744313e-05
AAPL-USDT-SWAP,live,USDT,USDT,2026-03-04T08:15:00+00:00,1772612100000,1.0,0.01,0.01,0.01,20.0,275.54,10956004.95,275.47,275.48,0.3630093474903677,2.7554000000000003,140.0,0.13777000000000003,2.1,15,True,True,True,True,True,3.6292371343543586e-05
ZEN-USDT-SWAP,live,USDT,USDT,2025-11-03T06:00:01.773000+00:00,1762149601773,0.1,1.0,1.0,0.001,50.0,4.058,1047344.23,4.064,4.066,4.920049200491463,0.4058,350.0,0.020290000000000002,2.1,103,True,True,True,True,True,0.0002464268112370626
AMD-USDT-SWAP,live,USDT,USDT,2026-03-11T10:00:00+00:00,1773223200000,1.0,0.01,0.01,0.01,20.0,528.25,9907048.78,528.45,528.56,2.081342655223696,5.2825,140.0,0.264125,2.1,7,True,True,True,True,True,1.8930430667297682e-05
AAOI-USDT-SWAP,live,USDT,USDT,2026-05-26T09:00:00+00:00,1779786000000,1.0,0.01,0.01,0.01,20.0,137.48,9554847.63,136.78,136.79,0.7310743137033231,1.3748,140.0,0.06874000000000001,2.1,30,True,True,True,True,True,7.273785277858598e-05
RE-USDT-SWAP,live,USDT,USDT,2026-06-17T10:30:00+00:00,1781692200000,10.0,1.0,1.0,1e-05,20.0,0.57162,86747199.15,0.57215,0.57216,0.17477781370353296,5.716200000000001,140.0,0.28581000000000006,2.1,7,True,True,True,True,True,1.74941394632798e-05
XPL-USDT-SWAP,live,USDT,USDT,2025-08-28T11:00:00.384000+00:00,1756378800384,10.0,1.0,1.0,1e-05,50.0,0.10255,79977999.46,0.10217,0.10218,0.9787129924159531,1.0255,350.0,0.05127500000000001,2.1,40,True,True,True,True,True,9.751340809361288e-05
MSFT-USDT-SWAP,live,USDT,USDT,2026-03-04T08:00:00+00:00,1772611200000,1.0,0.01,0.01,0.01,20.0,354.9,7918422.33,354.8,354.81,0.28184495708884894,3.549,140.0,0.17745,2.1,11,True,True,True,True,True,2.8176951253874332e-05
NBIS-USDT-SWAP,live,USDT,USDT,2026-05-19T09:15:00+00:00,1779182100000,1.0,0.01,0.01,0.01,20.0,255.57,7288588.05,255.55,255.6,1.9563728846711512,2.5557,140.0,0.127785,2.1,16,True,True,True,True,True,3.9128223187385066e-05
EDEN-USDT-SWAP,live,USDT,USDT,2025-09-30T11:30:01.710000+00:00,1759231801710,1.0,1.0,1.0,1e-05,10.0,0.04849,7079473.71,0.0485,0.04851,2.061643129573471,0.04849,70.0,0.0024245,2.1,866,True,True,True,True,True,0.0002062280882656218
GRAM-USDT-SWAP,live,USDT,USDT,2026-06-17T10:30:00+00:00,1781692200000,1.0,1.0,1.0,0.001,50.0,1.568,7019382.5,1.569,1.57,6.37145587766876,1.568,350.0,0.07840000000000001,2.1,26,True,True,True,True,False,0.0006377551020408163
IBM-USDT-SWAP,live,USDT,USDT,2026-05-27T10:30:00+00:00,1779877800000,1.0,0.01,0.01,0.01,20.0,259.19,7004581.24,258.8,258.93,5.021922623761244,2.5919,140.0,0.129595,2.1,16,True,True,True,True,False,3.8581735406458585e-05
GLW-USDT-SWAP,live,USDT,USDT,2026-05-18T09:00:00+00:00,1779094800000,1.0,0.01,0.01,0.01,10.0,226.99,6694034.98,226.82,226.89,3.085671464150809,2.2699000000000003,70.0,0.11349500000000001,2.1,18,True,True,True,True,True,4.405480417639543e-05
ORCL-USDT-SWAP,live,USDT,USDT,2026-03-11T10:00:00+00:00,1773223200000,1.0,0.01,0.01,0.01,20.0,151.25,6470013.69,151.2,151.21,0.6613537912118864,1.5125,140.0,0.075625,2.1,27,True,True,True,True,True,6.611570247933885e-05
BB-USDT-SWAP,live,USDT,USDT,2026-06-01T09:00:00+00:00,1780304400000,1.0,1.0,1.0,0.001,20.0,10.214,6092691.86,10.231,10.232,0.9773737966079712,10.214,140.0,0.5107,2.1,4,True,True,True,True,True,9.790483649892304e-05
RESOLV-USDT-SWAP,live,USDT,USDT,2025-06-10T14:30:00.438000+00:00,1749565800438,10.0,1.0,1.0,1e-05,20.0,0.02251,59946912.46,0.02255,0.02256,4.433606739082063,0.2251,140.0,0.011255000000000001,2.1,186,True,True,True,True,True,0.0004442470013327411
RKLB-USDT-SWAP,live,USDT,USDT,2026-05-12T10:15:00+00:00,1778580900000,1.0,0.01,0.01,0.01,20.0,82.87,5679871.68,82.88,82.93,6.030999336591444,0.8287000000000001,140.0,0.04143500000000001,2.1,50,True,True,True,True,False,0.00012067093037287317
ALLO-USDT-SWAP,live,USDT,USDT,2025-11-11T16:45:00.659000+00:00,1762879500659,10.0,1.0,1.0,1e-05,10.0,0.37675,54529822.98,0.37704,0.37705,0.2652203317909003,3.7674999999999996,70.0,0.188375,2.1,11,True,True,True,True,True,2.6542800265428006e-05
O-USDT-SWAP,live,USDT,USDT,2026-06-17T16:30:00+00:00,1781713800000,10.0,1.0,1.0,0.0001,20.0,0.5663,52873766.08,0.5638,0.564,3.5467281432874267,5.663,140.0,0.28315,2.1,7,True,True,True,True,True,0.0001765848490199541
GOOGL-USDT-SWAP,live,USDT,USDT,2026-03-04T07:45:00+00:00,1772610300000,1.0,0.01,0.01,0.01,20.0,343.17,4843926.91,343.28,343.29,0.2913031446188371,3.4317,140.0,0.17158500000000002,2.1,12,True,True,True,True,True,2.9140076347000027e-05
QCOM-USDT-SWAP,live,USDT,USDT,2026-05-19T09:30:00+00:00,1779183000000,1.0,0.01,0.01,0.01,20.0,204.99,4823236.36,204.99,205.08,4.389494476552949,2.0499,140.0,0.102495,2.1,20,True,True,True,True,True,4.878286745694912e-05
LIGHT-USDT-SWAP,live,USDT,USDT,2025-12-16T08:00:00+00:00,1765872000000,1.0,1.0,1.0,0.0001,10.0,0.1172,4782840.82,0.1172,0.1173,8.528784648187878,0.1172,70.0,0.005860000000000001,2.1,358,True,True,True,True,False,0.0008532423208191126
ENSO-USDT-SWAP,live,USDT,USDT,2025-10-29T10:00:01.294000+00:00,1761732001294,1.0,1.0,1.0,0.0001,50.0,0.615,4771671.84,0.6158,0.6159,1.6237720224078749,0.615,350.0,0.03075,2.1,68,True,True,True,True,True,0.00016260162601626016
TSM-USDT-SWAP,live,USDT,USDT,2026-03-11T10:00:00+00:00,1773223200000,1.0,0.01,0.01,0.01,20.0,435.75,4638441.1,435.44,435.45,0.2296501280297375,4.3575,140.0,0.217875,2.1,9,True,True,True,True,True,2.2948938611589213e-05
PROS-USDT-SWAP,live,USDT,USDT,2026-04-28T14:00:00+00:00,1777384800000,1.0,1.0,1.0,0.0001,20.0,0.4329,4524005.0,0.4327,0.4328,2.3108030040449337,0.4329,140.0,0.021645,2.1,97,True,True,True,True,True,0.00023100023100023102
WDC-USDT-SWAP,live,USDT,USDT,2026-05-12T10:45:00+00:00,1778582700000,1.0,0.01,0.01,0.01,20.0,671.16,4340331.32,669.98,670.98,14.91468798472736,6.7116,140.0,0.33558,2.1,6,True,True,True,True,False,1.4899576852017404e-05
0G-USDT-SWAP,live,USDT,USDT,2025-09-22T10:30:00.238000+00:00,1758537000238,1.0,1.0,1.0,0.0001,20.0,0.2141,4331825.35,0.2142,0.2143,4.667444574095168,0.2141,140.0,0.010705000000000001,2.1,196,True,True,True,True,True,0.00046707146193367583
AMZN-USDT-SWAP,live,USDT,USDT,2026-02-26T07:30:00+00:00,1772091000000,1.0,0.01,0.01,0.01,20.0,227.18,4005215.21,227.25,227.26,0.44003432267676856,2.2718000000000003,140.0,0.11359000000000002,2.1,18,True,True,True,True,True,4.401795932740558e-05
AVNT-USDT-SWAP,live,USDT,USDT,2025-09-22T15:30:00.222000+00:00,1758555000222,1.0,1.0,1.0,0.0001,50.0,0.0968,3961719.95,0.0967,0.0968,10.335917312661795,0.0968,350.0,0.0048400000000000006,2.1,433,True,True,True,True,False,0.0010330578512396695
HOOD-USDT-SWAP,live,USDT,USDT,2026-02-25T07:00:00+00:00,1772002800000,1.0,0.1,0.1,0.01,20.0,93.27,3848142.99,93.23,93.26,3.217330687972667,9.327,140.0,0.46635000000000004,2.1,4,True,True,True,True,True,0.00010721561059290234
NG-USDT-SWAP,live,USDT,USDT,2026-03-10T09:00:00+00:00,1773133200000,1.0,1.0,1.0,0.001,50.0,3.271,3846607.68,3.271,3.272,3.056701818737246,3.271,350.0,0.16355,2.1,12,True,True,True,True,True,0.00030571690614490985
MET-USDT-SWAP,live,USDT,USDT,2025-10-10T08:15:00.254000+00:00,1760084100254,1.0,1.0,1.0,0.0001,20.0,0.1494,3688047.46,0.1489,0.149,6.713662302785431,0.1494,140.0,0.007470000000000001,2.1,281,True,True,True,True,False,0.0006693440428380187
NOK-USDT-SWAP,live,USDT,USDT,2026-05-27T10:45:00+00:00,1779878700000,1.0,0.1,0.1,0.01,20.0,13.98,3654529.97,13.99,14.0,7.145409074669372,1.3980000000000001,140.0,0.0699,2.1,30,True,True,True,True,False,0.000715307582260372
NES-USDT-SWAP,live,USDT,USDT,2026-06-24T13:30:00+00:00,1782307800000,10.0,1.0,1.0,0.0001,20.0,0.2008,35500721.14,0.2014,0.2015,4.964010920824856,2.008,140.0,0.1004,2.1,20,True,True,True,True,True,0.00049800796812749
SPY-USDT-SWAP,live,USDT,USDT,2026-03-04T09:00:00+00:00,1772614800000,1.0,0.01,0.01,0.01,20.0,733.33,3363359.38,733.38,733.39,0.1363540296023358,7.3333,140.0,0.366665,2.1,5,True,True,True,True,True,1.3636425620116455e-05
COIN-USDT-SWAP,live,USDT,USDT,2026-02-26T07:45:00+00:00,1772091900000,1.0,0.01,0.01,0.01,20.0,143.23,3263718.99,143.21,143.26,3.4907669214914607,1.4323,140.0,0.071615,2.1,29,True,True,True,True,True,6.981777560566921e-05
BASED-USDT-SWAP,live,USDT,USDT,2026-03-30T10:30:00+00:00,1774866600000,10.0,1.0,1.0,1e-05,50.0,0.07184,30834457.89,0.07186,0.07189,4.173913043478574,0.7184,350.0,0.03592,2.1,58,True,True,True,True,True,0.00013919821826280626
WEN-USDT-SWAP,live,USDT,USDT,2026-06-25T10:30:00+00:00,1782383400000,1.0,1.0,1.0,0.01,10.0,7.46,2969012.86,7.42,7.44,26.91790040376913,7.46,70.0,0.373,2.1,5,True,True,True,True,False,0.0013404825737265416
AXTI-USDT-SWAP,live,USDT,USDT,2026-06-16T09:30:00+00:00,1781602200000,1.0,0.01,0.01,0.01,20.0,68.69,2631658.15,68.39,68.44,7.30833881458703,0.6869,140.0,0.034345,2.1,61,True,True,True,True,False,0.00014558159848595138
DELL-USDT-SWAP,live,USDT,USDT,2026-05-28T09:15:00+00:00,1779959700000,1.0,0.01,0.01,0.01,20.0,407.52,2525091.72,407.41,407.5,2.2088328772496344,4.0752,140.0,0.20376,2.1,10,True,True,True,True,True,2.4538672948566942e-05
ARX-USDT-SWAP,live,USDT,USDT,2026-06-22T12:30:00+00:00,1782131400000,10.0,1.0,1.0,0.0001,20.0,0.25,23102612.5,0.2503,0.2504,3.9944078290389045,2.5,140.0,0.125,2.1,16,True,True,True,True,True,0.0004
AVGO-USDT-SWAP,live,USDT,USDT,2026-04-29T06:00:00+00:00,1777442400000,1.0,0.01,0.01,0.01,20.0,379.07,2294279.48,379.17,379.2,0.7911705368084896,3.7907,140.0,0.189535,2.1,11,True,True,True,True,True,2.638035191389453e-05
ENA-USDT-SWAP,live,USDT,USDT,2025-09-17T07:30:00.364000+00:00,1758094200364,10.0,1.0,1.0,1e-05,50.0,0.0814,21607590.93,0.08145,0.08146,1.2276717205831442,0.8140000000000001,350.0,0.04070000000000001,2.1,51,True,True,True,True,True,0.00012285012285012285
SPX-USDT-SWAP,live,USDT,USDT,2025-07-17T05:00:00.453000+00:00,1752728400453,1.0,1.0,1.0,0.0001,20.0,0.3246,2062937.2,0.3242,0.3243,3.0840400925208633,0.3246,140.0,0.01623,2.1,129,True,True,True,True,True,0.00030807147258163895
CRWV-USDT-SWAP,live,USDT,USDT,2026-04-10T12:00:00+00:00,1775822400000,1.0,0.01,0.01,0.01,20.0,98.92,1959980.11,98.81,98.85,4.047354042294044,0.9892000000000001,140.0,0.049460000000000004,2.1,42,True,True,True,True,True,0.00010109179134654265
H-USDT-SWAP,live,USDT,USDT,2025-07-03T06:00:00.413000+00:00,1751522400413,100.0,0.1,0.1,1e-05,10.0,0.0589,178718143.12,0.05847,0.05848,1.7101325352708205,0.589,70.0,0.02945,2.1,71,True,True,True,True,True,0.00016977928692699492
